{
  "hash": "2f5576c7",
  "configHash": "d66b06ab",
  "lockfileHash": "63a24166",
  "browserHash": "da66e63f",
  "optimized": {
    "@angular/common": {
      "src": "../../../../../../node_modules/@angular/common/fesm2022/common.mjs",
      "file": "@angular_common.js",
      "fileHash": "7c3d224e",
      "needsInterop": false
    },
    "@angular/common/http": {
      "src": "../../../../../../node_modules/@angular/common/fesm2022/http.mjs",
      "file": "@angular_common_http.js",
      "fileHash": "4bd5dce5",
      "needsInterop": false
    },
    "@angular/core": {
      "src": "../../../../../../node_modules/@angular/core/fesm2022/core.mjs",
      "file": "@angular_core.js",
      "fileHash": "dbd94841",
      "needsInterop": false
    },
    "@angular/forms": {
      "src": "../../../../../../node_modules/@angular/forms/fesm2022/forms.mjs",
      "file": "@angular_forms.js",
      "fileHash": "a46b0132",
      "needsInterop": false
    },
    "@angular/platform-browser": {
      "src": "../../../../../../node_modules/@angular/platform-browser/fesm2022/platform-browser.mjs",
      "file": "@angular_platform-browser.js",
      "fileHash": "8eddf631",
      "needsInterop": false
    },
    "@angular/platform-browser/animations": {
      "src": "../../../../../../node_modules/@angular/platform-browser/fesm2022/animations.mjs",
      "file": "@angular_platform-browser_animations.js",
      "fileHash": "10304809",
      "needsInterop": false
    },
    "@angular/router": {
      "src": "../../../../../../node_modules/@angular/router/fesm2022/router.mjs",
      "file": "@angular_router.js",
      "fileHash": "470f9934",
      "needsInterop": false
    },
    "ngx-toastr": {
      "src": "../../../../../../node_modules/ngx-toastr/fesm2022/ngx-toastr.mjs",
      "file": "ngx-toastr.js",
      "fileHash": "1c9239fb",
      "needsInterop": false
    },
    "rxjs": {
      "src": "../../../../../../node_modules/rxjs/dist/esm5/index.js",
      "file": "rxjs.js",
      "fileHash": "6977e106",
      "needsInterop": false
    }
  },
  "chunks": {
    "chunk-LQIDTY7F": {
      "file": "chunk-LQIDTY7F.js"
    },
    "chunk-THLN25Q7": {
      "file": "chunk-THLN25Q7.js"
    },
    "chunk-RR2NC3XX": {
      "file": "chunk-RR2NC3XX.js"
    },
    "chunk-AGYM3H7D": {
      "file": "chunk-AGYM3H7D.js"
    },
    "chunk-UBTNACFS": {
      "file": "chunk-UBTNACFS.js"
    },
    "chunk-5WZ7CC4M": {
      "file": "chunk-5WZ7CC4M.js"
    },
    "chunk-MPAJTNHW": {
      "file": "chunk-MPAJTNHW.js"
    },
    "chunk-SESUV4G6": {
      "file": "chunk-SESUV4G6.js"
    }
  }
}